menufile,ui_mp/scriptmenus/callvote.menu
menufile,ui_mp/scriptmenus/muteplayer.menu
menufile,ui_mp/scriptmenus/quickcommands.menu
menufile,ui_mp/scriptmenus/quickstatements.menu
menufile,ui_mp/scriptmenus/quickresponses.menu
menufile,ui_mp/scriptmenus/popup_summary.menu
menufile,ui_mp/scriptmenus/popup_unlock_page1.menu
menufile,ui_mp/scriptmenus/popup_unlock_page2.menu
menufile,ui_mp/scriptmenus/popup_unlock.menu
menufile,ui_mp/scriptmenus/endofgame.menu
menufile,ui_mp/ingame.txt
menufile,ui_mp/hud.txt
menufile,ui_mp/scriptmenus/team_marinesopfor.menu
menufile,ui_mp/scriptmenus/class.menu
menufile,ui_mp/scriptmenus/changeclass.menu
menufile,ui_mp/scriptmenus/changeclass_offline.menu
menufile,ui_mp/scriptmenus/class_marines.menu
menufile,ui_mp/scriptmenus/changeclass_marines.menu
menufile,ui_mp/scriptmenus/initteam_marines.menu
menufile,ui_mp/scriptmenus/class_opfor.menu
menufile,ui_mp/scriptmenus/changeclass_opfor.menu
menufile,ui_mp/scriptmenus/initteam_opfor.menu
menufile,ui_mp/scriptmenus/popup_leavegame.menu
menufile,ui_mp/scriptmenus/votemap.menu
menufile,ui_mp/scriptmenus/scoreboard.menu
menufile,ui_mp/scriptmenus/background_main.menu
menufile,ui_mp/scriptmenus/uiscript_startsingleplayer.menu
menufile,ui_mp/scriptmenus/uiscript_refreshservers.menu
menufile,ui_mp/scriptmenus/uiscript_startserver.menu
menufile,ui_mp/scriptmenus/victory_marines.menu
menufile,ui_mp/scriptmenus/victory_opfor.menu
menufile,ui_mp/scriptmenus/victory_none.menu
menufile,ui_mp/scriptmenus/ingame_controls.menu
menufile,ui_mp/scriptmenus/ingame_options.menu
rawfile,vision/wetwork.vision
rawfile,vision/ac130.vision
rawfile,vision/ac130_inverted.vision
rawfile,vision/aftermath.vision
rawfile,vision/airplane.vision
rawfile,vision/ambush.vision
rawfile,vision/armada.vision
rawfile,vision/armada_ground.vision
rawfile,vision/armada_tvs.vision
rawfile,vision/armada_sound.vision
rawfile,vision/armada_water.vision
rawfile,vision/bog.vision
rawfile,vision/bog_a.vision
rawfile,vision/blacktest.vision
rawfile,vision/blackout.vision
rawfile,vision/blackout_darkness.vision
rawfile,vision/blackout_nvg.vision
rawfile,vision/bog_a_sunrise.vision
rawfile,vision/bog_b.vision
rawfile,vision/cargoship.vision
rawfile,vision/cargoship_indoor.vision
rawfile,vision/cargoship_indoor2.vision
rawfile,vision/cargoship_blast.vision
rawfile,vision/cobra_down.vision
rawfile,vision/cobra_sunset1.vision
rawfile,vision/cobra_sunset2.vision
rawfile,vision/cobra_sunset3.vision
rawfile,vision/cobrapilot.vision
rawfile,vision/coup.vision
rawfile,vision/coup_sunblind.vision
rawfile,vision/coup_hit.vision
rawfile,vision/default.vision
rawfile,vision/default_night.vision
rawfile,vision/exterior_concept.vision
rawfile,vision/helicopter_ride.vision
rawfile,vision/hunted.vision
rawfile,vision/hunted_crash.vision
rawfile,vision/icbm.vision
rawfile,vision/icbm_launch.vision
rawfile,vision/icbm_sunrise0.vision
rawfile,vision/icbm_sunrise1.vision
rawfile,vision/icbm_sunrise2.vision
rawfile,vision/icbm_sunrise3.vision
rawfile,vision/icbm_sunrise4.vision
rawfile,vision/icbm_interior.vision
rawfile,vision/interior_concept.vision
rawfile,vision/introscreen.vision
rawfile,vision/jeepride.vision
rawfile,vision/jeepride_tunnel.vision
rawfile,vision/jeepride_cobra.vision
rawfile,vision/killhouse.vision
rawfile,vision/launchfacility.vision
rawfile,vision/launchfacility_a.vision
rawfile,vision/launchfacility_b.vision
rawfile,vision/mp_backlot.vision
rawfile,vision/mp_bloc.vision
rawfile,vision/mp_bog.vision
rawfile,vision/mp_convoy.vision
rawfile,vision/mp_countdown.vision
rawfile,vision/mp_citystreets.vision
rawfile,vision/mp_crash.vision
rawfile,vision/mp_farm.vision
rawfile,vision/mp_shipment.vision
rawfile,vision/mp_overgrown.vision
rawfile,vision/mp_pipeline.vision
rawfile,vision/mp_hill.vision
rawfile,vision/mp_cargoship.vision
rawfile,vision/mp_strike.vision
rawfile,vision/mp_crossfire.vision
rawfile,vision/mp_dusk.vision
rawfile,vision/mp_vacant.vision
rawfile,vision/mp_showdown.vision
rawfile,vision/nate_test.vision
rawfile,vision/parabolic.vision
rawfile,vision/school.vision
rawfile,vision/scoutsniper.vision
rawfile,vision/seaknight_assault.vision
rawfile,vision/sniperescape.vision
rawfile,vision/sniperescape_outside.vision
rawfile,vision/sniperescape_glow_off.vision
rawfile,vision/strike.vision
rawfile,vision/village_assault.vision
rawfile,vision/village_defend.vision
rawfile,vision/mpintro.vision
rawfile,vision/mpoutro.vision
rawfile,vision/grayscale.vision
rawfile,vision/jeepride_zak.vision
rawfile,vision/cheat_bw_invert_contrast.vision
rawfile,vision/cheat_bw_invert.vision
rawfile,vision/cheat_bw_contrast.vision
rawfile,vision/cheat_bw.vision
rawfile,vision/cheat_invert_contrast.vision
rawfile,vision/cheat_invert.vision
rawfile,vision/cheat_contrast.vision
rawfile,vision/jeepride_flyaway.vision
rawfile,vision/sepia.vision
rawfile,vision/cheat_chaplinnight.vision
rawfile,mp/playeranim.script
rawfile,mp/playeranimtypes.txt
rawfile,animtrees/multiplayer.atr
rawfile,common_scripts/utility.gsc
rawfile,codescripts/character_mp.gsc
rawfile,createfx.cfg
rawfile,info/mp_lochit_dmgtable
rawfile,info/bullet_penetration_mp
rawfile,maps/mp/_createfx.gsc
rawfile,maps/mp/_createfxmenu.gsc
rawfile,maps/mp/_art.gsc
rawfile,maps/mp/_fx.gsc
rawfile,maps/mp/_flashgrenades.gsc
rawfile,maps/mp/_global_fx.gsc
rawfile,maps/mp/_teargrenades.gsc
rawfile,maps/mp/_entityheadicons.gsc
rawfile,maps/mp/_helicopter.gsc
rawfile,maps/mp/_load.gsc
rawfile,maps/mp/_compass.gsc
rawfile,maps/mp/_minefields.gsc
rawfile,maps/mp/_shutter.gsc
rawfile,maps/mp/_utility.gsc
rawfile,maps/mp/_destructables.gsc
rawfile,maps/mp/_ac130.gsc
rawfile,maps/mp/_menus.gsc
rawfile,maps/mp/gametypes/_battlechatter_mp.gsc
rawfile,maps/mp/gametypes/_callbacksetup.gsc
rawfile,maps/mp/gametypes/_class.gsc
rawfile,maps/mp/gametypes/_clientids.gsc
rawfile,maps/mp/gametypes/_copter.gsc
rawfile,maps/mp/gametypes/_damagefeedback.gsc
rawfile,maps/mp/gametypes/_deathicons.gsc
rawfile,maps/mp/gametypes/_dev.gsc
rawfile,maps/mp/gametypes/_friendicons.gsc
rawfile,maps/mp/gametypes/_globalentities.gsc
rawfile,maps/mp/gametypes/_globallogic.gsc
rawfile,maps/mp/gametypes/_gameobjects.gsc
rawfile,maps/mp/gametypes/_hardpoints.gsc
rawfile,maps/mp/gametypes/_healthoverlay.gsc
rawfile,maps/mp/gametypes/_hud_util.gsc
rawfile,maps/mp/gametypes/_hud_message.gsc
rawfile,maps/mp/gametypes/_hud.gsc
rawfile,maps/mp/gametypes/_killcam.gsc
rawfile,maps/mp/gametypes/_menus.gsc
rawfile,maps/mp/gametypes/_missions.gsc
rawfile,maps/mp/gametypes/_objpoints.gsc
rawfile,maps/mp/gametypes/_oldschool.gsc
rawfile,maps/mp/gametypes/_perplayer.gsc
rawfile,maps/mp/gametypes/_persistence.gsc
rawfile,maps/mp/gametypes/_quickmessages.gsc
rawfile,maps/mp/gametypes/_rank.gsc
rawfile,maps/mp/gametypes/_scoreboard.gsc
rawfile,maps/mp/gametypes/_serversettings.gsc
rawfile,maps/mp/gametypes/_shellshock.gsc
rawfile,maps/mp/gametypes/_spawnlogic.gsc
rawfile,maps/mp/gametypes/_spectating.gsc
rawfile,maps/mp/gametypes/_teams.gsc
rawfile,maps/mp/gametypes/_weapons.gsc
rawfile,maps/mp/gametypes/dom.gsc
rawfile,maps/mp/gametypes/sd.gsc
rawfile,maps/mp/gametypes/war.gsc
rawfile,maps/mp/gametypes/sab.gsc
rawfile,maps/mp/gametypes/dm.gsc
rawfile,maps/mp/gametypes/koth.gsc
rawfile,maps/mp/gametypes/_tweakables.gsc
rawfile,maps/mp/_destructible.gsc
rawfile,maps/mp/_destructible_types.gsc
rawfile,rumble/pistol_fire
rawfile,rumble/pistol_fire_h.rmb
rawfile,rumble/pistol_fire_l.rmb
rawfile,rumble/defaultweapon_melee
rawfile,rumble/defaultweapon_melee_h.rmb
rawfile,rumble/defaultweapon_melee_l.rmb
rawfile,rumble/silencer_fire
rawfile,rumble/silencer_fire_h.rmb
rawfile,rumble/silencer_fire_l.rmb
rawfile,rumble/smg_fire
rawfile,rumble/smg_fire_h.rmb
rawfile,rumble/smg_fire_l.rmb
rawfile,rumble/assault_fire
rawfile,rumble/assault_fire_h.rmb
rawfile,rumble/assault_fire_l.rmb
rawfile,rumble/sniper_fire
rawfile,rumble/shotgun_fire_h.rmb
rawfile,rumble/shotgun_fire_l.rmb
rawfile,rumble/heavygun_fire
rawfile,rumble/heavygun_fire_h.rmb
rawfile,rumble/heavygun_fire_l.rmb
rawfile,rumble/shotgun_fire
rawfile,rumble/damage_heavy
rawfile,rumble/damage_heavy_h.rmb
rawfile,rumble/damage_heavy_l.rmb
rawfile,rumble/defaultweapon_fire
rawfile,rumble/defaultweapon_fire_h.rmb
rawfile,rumble/defaultweapon_fire_l.rmb
rawfile,vehicles/defaultvehicle_mp
rawfile,vehicles/cobra_mp
rawfile,animtrees/vehicles.atr
rawfile,codescripts/character.gsc
rawfile,codescripts/delete.gsc
rawfile,codescripts/struct.gsc
rawfile,radiant/keys.txt
rawfile,scriptdebugger/help.txt
rawfile,shock/default.shock
rawfile,shock/hold_breath.shock
rawfile,shock/pain.shock
rawfile,shock/victoryscreen.shock
rawfile,shock/flashbang.shock
rawfile,shock/damage_mp.shock
rawfile,devgui_aimassist.cfg
rawfile,devgui_modelpreviewer.cfg
rawfile,enable_art.cfg
rawfile,aim_assist/view_input_0.graph
rawfile,aim_assist/view_input_1.graph
rawfile,aim_assist/view_input_2.graph
rawfile,aim_assist/view_input_3.graph
rawfile,character/character_mp_arab_regular_assault.gsc
rawfile,character/character_mp_arab_regular_cqb.gsc
rawfile,character/character_mp_arab_regular_engineer.gsc
rawfile,character/character_mp_arab_regular_sniper.gsc
rawfile,character/character_mp_arab_regular_support.gsc
rawfile,character/character_mp_usmc_assault.gsc
rawfile,character/character_mp_usmc_recon.gsc
rawfile,character/character_mp_usmc_sniper.gsc
rawfile,character/character_mp_usmc_specops.gsc
rawfile,character/character_mp_usmc_support.gsc
rawfile,character/character_mp_opforce_assault.gsc
rawfile,character/character_mp_opforce_cqb.gsc
rawfile,character/character_mp_opforce_engineer.gsc
rawfile,character/character_mp_opforce_sniper.gsc
rawfile,character/character_mp_opforce_support.gsc
rawfile,character/character_mp_usmc_woodland_assault.gsc
rawfile,character/character_mp_usmc_woodland_recon.gsc
rawfile,character/character_mp_usmc_woodland_sniper.gsc
rawfile,character/character_mp_usmc_woodland_specops.gsc
rawfile,character/character_mp_usmc_woodland_support.gsc
rawfile,character/character_mp_sas_urban_assault.gsc
rawfile,character/character_mp_sas_urban_recon.gsc
rawfile,character/character_mp_sas_urban_sniper.gsc
rawfile,character/character_mp_sas_urban_specops.gsc
rawfile,character/character_mp_sas_urban_support.gsc
rawfile,character/character_mp_opforce_urban_assault.gsc
rawfile,character/character_mp_opforce_urban_cqb.gsc
rawfile,character/character_mp_opforce_urban_engineer.gsc
rawfile,character/character_mp_opforce_urban_sniper.gsc
rawfile,character/character_mp_opforce_urban_support.gsc
rawfile,mptype/mptype_ally_cqb.gsc
rawfile,mptype/mptype_ally_support.gsc
rawfile,mptype/mptype_ally_rifleman.gsc
rawfile,mptype/mptype_ally_sniper.gsc
rawfile,mptype/mptype_ally_engineer.gsc
rawfile,mptype/mptype_axis_cqb.gsc
rawfile,mptype/mptype_axis_support.gsc
rawfile,mptype/mptype_axis_rifleman.gsc
rawfile,mptype/mptype_axis_sniper.gsc
rawfile,mptype/mptype_axis_engineer.gsc
rawfile,mptype/mptype_ally_woodland_recon.gsc
rawfile,mptype/mptype_ally_woodland_assault.gsc
rawfile,mptype/mptype_ally_woodland_support.gsc
rawfile,mptype/mptype_ally_woodland_sniper.gsc
rawfile,mptype/mptype_ally_woodland_specops.gsc
rawfile,mptype/mptype_axis_woodland_rifleman.gsc
rawfile,mptype/mptype_axis_woodland_cqb.gsc
rawfile,mptype/mptype_axis_woodland_support.gsc
rawfile,mptype/mptype_axis_woodland_sniper.gsc
rawfile,mptype/mptype_axis_woodland_engineer.gsc
rawfile,mptype/mptype_ally_urban_assault.gsc
rawfile,mptype/mptype_ally_urban_recon.gsc
rawfile,mptype/mptype_ally_urban_sniper.gsc
rawfile,mptype/mptype_ally_urban_specops.gsc
rawfile,mptype/mptype_ally_urban_support.gsc
rawfile,mptype/mptype_axis_urban_cqb.gsc
rawfile,mptype/mptype_axis_urban_assault.gsc
rawfile,mptype/mptype_axis_urban_engineer.gsc
rawfile,mptype/mptype_axis_urban_sniper.gsc
rawfile,mptype/mptype_axis_urban_support.gsc
rawfile,shock/teargas.shock
rawfile,shock/concussion_grenade_mp.shock
rawfile,shock/frag_grenade_mp.shock
